"0","re_md1 <- read.csv(""re_1_metadata w tod data.csv"")"
"0","re_md2 <- read.csv(""re_2_metadata.csv"")"
"0","re_md3 <- read.csv(""re_3_metadata.csv"")"
"0","re_md4 <- read.csv(""re_4_metadata w both conditions.csv"")"
"0","re_md5 <- read.csv(""re_5_metadata.csv"")"
"0","re_md6 <- read.csv(""re_6_metadata.csv"")"
"0","re_md8 <- read.csv(""re_8_metadata.csv"")"
"0","re_md9 <- read.csv(""re_9_metadata_all.csv"")"
"0","re_md10 <- read.csv(""re_10_metadata.csv"")"
"0","re_md11 <- read.csv(""re_11_metadata with subject number.csv"")"
